id,title,matched_shwapno_name,score,image_link,source
INV-001,Pepsodent Advanced Salt 70g,Egg Loose,0.000,https://static.awesomebrand.com/1111_100-1.jpg,placeholder
INV-002,Transtec LED Bright 7w Pin,Egg Loose,0.000,https://luckystore.com/images/products/INV-002.jpg,placeholder
INV-003,Doodles Instant Noodles Masala 62g (24 Pack),Wow! Masala Instant Noodles 496gm,0.328,https://luckystore.com/images/products/INV-003.jpg,placeholder
INV-004,Pepsodent Advanced Salt 140g,Egg Loose,0.000,https://luckystore.com/images/products/INV-004.jpg,placeholder
INV-005,Transtec LED Bright 5w Pin,Egg Loose,0.000,https://luckystore.com/images/products/INV-005.jpg,placeholder
INV-006,Pepsodent Germicheck 85g,Egg Loose,0.000,https://luckystore.com/images/products/INV-006.jpg,placeholder
INV-007,Radhuni Vinegar 280ml,Radhuni Vinegar 280ml,1.000,https://d2t8nl1y0ie1km.cloudfront.net/images/thumbs/65fa95ff115075f231ecccfb_Radhuni-Vinegar-280ml_1_415.webp,shwapno_match_high
INV-008,Close Up Toothpaste Sea Salt 140g,Egg Loose,0.000,https://luckystore.com/images/products/INV-008.jpg,placeholder
INV-009,Nescafe Sunrise 3in1 10g Sachet (FREE),ACI Pure Piyaju Mix 100gm (Buy2 Get1 Free),0.096,https://luckystore.com/images/products/INV-009.jpg,placeholder
INV-010,Close Up Menthol Fresh Toothpaste 38g,Egg Loose,0.000,https://luckystore.com/images/products/INV-010.jpg,placeholder
INV-011,Axe Black Deodorant Body Spray -150ml,Hosen Black Olives Whole 340(±10)gm,0.249,https://luckystore.com/images/products/INV-011.jpg,placeholder
INV-012,Lux Soap Soft Touch 75g,Shwapno Soft Drink Powder Orange 500gm (Jar),0.082,https://luckystore.com/images/products/INV-012.jpg,placeholder
INV-013,Pepsodent Sensitive Expert 140,Egg Loose,0.000,https://luckystore.com/images/products/INV-013.jpg,placeholder
INV-014,Pepsodent Germicheck 40g,Egg Loose,0.000,https://luckystore.com/images/products/INV-014.jpg,placeholder
INV-015,Axe Apollo Deodorant Body Spray,Egg Loose,0.000,https://luckystore.com/images/products/INV-015.jpg,placeholder
INV-016,Radhuni Fried Rice Mix 8gm,Radhuni Haleem Mix 200gm,0.380,https://luckystore.com/images/products/INV-016.jpg,placeholder
INV-017,Ponds Pure White 50g,Shwapno White Pepper 50gm,0.447,https://luckystore.com/images/products/INV-017.jpg,placeholder
INV-018,Surf Excel Matic Liquid Top 500ml,Teer Mustard Oil 500ml,0.403,https://luckystore.com/images/products/INV-018.jpg,placeholder
INV-019,Pepsodent Sensitive Gum Care 140g,Egg Loose,0.000,https://luckystore.com/images/products/INV-019.jpg,placeholder
INV-020,Close Up Menthol Fresh Toothpaste 7g,Egg Loose,0.000,https://luckystore.com/images/products/INV-020.jpg,placeholder
INV-021,Radhuni Sunflower Oil 1ltr,Radhuni Mustard Oil 1Ltr.,0.672,https://luckystore.com/images/products/INV-021.jpg,placeholder
INV-022,Ponds Pure White 100g,Shwapno White Pepper 100gm,0.457,https://luckystore.com/images/products/INV-022.jpg,placeholder
INV-023,Foodie Masala Noodles 8 Pack,Wow! Masala Instant Noodles 496gm,0.423,https://luckystore.com/images/products/INV-023.jpg,placeholder
INV-024,Pepsodent Germicheck 190g,Egg Loose,0.000,https://luckystore.com/images/products/INV-024.jpg,placeholder
INV-025,Kellogs K-Park 26g,Egg Loose,0.000,https://luckystore.com/images/products/INV-025.jpg,placeholder
INV-026,Solecti Cookies - Standard Pack,Hersheys Kisses Cookies N Creme 36gm Malaysia,0.249,https://luckystore.com/images/products/INV-026.jpg,placeholder
INV-027,Lux Soap Soft Touch 25g,Shwapno Soft Drink Powder Orange 250gm BIB,0.094,https://luckystore.com/images/products/INV-027.jpg,placeholder
INV-028,Pepsodent Sensitive Expert Fresh 15g,Egg Loose,0.000,https://luckystore.com/images/products/INV-028.jpg,placeholder
INV-029,Tang Orange Jar 750gm,Tang Powder Drink Orange 750gm (Jar),0.821,https://luckystore.com/images/products/INV-029.jpg,placeholder
INV-030,Orange Biscuit - Standard Pack,Baby Orange (China),0.305,https://luckystore.com/images/products/INV-030.jpg,placeholder
INV-031,Starship Jhal Chanachur 300gm,Pran Jugol Chutney 300gm,0.444,https://luckystore.com/images/products/INV-031.jpg,placeholder
INV-032,Kings Pure Sunflower Oil 2L,Fortune Tuna Chunk In Sunflower Oil 185(±)15gm,0.170,https://luckystore.com/images/products/INV-032.jpg,placeholder
INV-033,Radhuni Jira Gura 200gm,Radhuni Haleem Mix 200gm,0.659,https://luckystore.com/images/products/INV-033.jpg,placeholder
INV-034,Sunsilk Shampoo Hair Fall Solution,Egg Loose,0.000,https://luckystore.com/images/products/INV-034.jpg,placeholder
INV-035,Chocolate Plus - Classic Pack,Horlicks Chocolate 500gm (Jar),0.358,https://luckystore.com/images/products/INV-035.jpg,placeholder
INV-036,Radhuni Jira Gura 100gm,Radhuni Turmeric (Holud) Powder 100gm,0.596,https://luckystore.com/images/products/INV-036.jpg,placeholder
INV-037,Knorr Soup 31g,Knorr Classic Thai Soup 28gm,0.374,https://luckystore.com/images/products/INV-037.jpg,placeholder
INV-038,Sunsilk Shampoo Thick & Long 5.25,AG Food Chicken Mini Spring Roll (23-25)Pcs 250gm,0.237,https://luckystore.com/images/products/INV-038.jpg,placeholder
INV-039,Milk Plus - Classic Pack,Aura Milk Pusti 1kg,0.349,https://luckystore.com/images/products/INV-039.jpg,placeholder
INV-040,Radhuni Chui Jhal Mangsho Masala 38gm,Radhuni Biryani Masala 40gm,0.353,https://luckystore.com/images/products/INV-040.jpg,placeholder
INV-0041,Isubgul,Shwapno Isubgul Vushi 50gm,0.317,https://luckystore.com/images/products/INV-0041.jpg,placeholder
INV-0042,Sunsilk Conditioner Hair Fall Solution 8ml,Egg Loose,0.000,https://luckystore.com/images/products/INV-0042.jpg,placeholder
INV-0043,Lifebouy Health Care 90g,Egg Loose,0.000,https://luckystore.com/images/products/INV-0043.jpg,placeholder
INV-0044,Hello Cookies - Classic Pack,Hersheys Kisses Cookies N Creme 36gm Malaysia,0.299,https://luckystore.com/images/products/INV-0044.jpg,placeholder
INV-0045,Clear Shampoo Cool Sport Menthol 170ml,Egg Loose,0.000,https://luckystore.com/images/products/INV-0045.jpg,placeholder
INV-0046,Sunsilk Shampoo Black Shine 5.25ml,Hosen Black Olives Whole 340(±10)gm,0.259,https://luckystore.com/images/products/INV-0046.jpg,placeholder
INV-0047,Slice Pound Cake Chocolate,Lindt 85% Cocoa Dark Chocolate 100gm,0.342,https://luckystore.com/images/products/INV-0047.jpg,placeholder
INV-0048,Kitkat 4 Finger,Dherosh (Lady Finger),0.340,https://luckystore.com/images/products/INV-0048.jpg,placeholder
INV-0049,Lexus - Family Pack,Egg Loose,0.000,https://luckystore.com/images/products/INV-0049.jpg,placeholder
INV-0050,Nivea Fresh Natural Roll On - 50ml,Alshifa Natural Honey 250gm,0.198,https://luckystore.com/images/products/INV-0050.jpg,placeholder
INV-0051,Sunsilk Shampoo Black Shine 330ml,Hosen Black Olives Whole 340(±10)gm,0.277,https://luckystore.com/images/products/INV-0051.jpg,placeholder
INV-0052,Radhuni Dhoniya Gura 50gm,Haiko Gelatine 50gm,0.440,https://luckystore.com/images/products/INV-0052.jpg,placeholder
INV-0053,Bellame Peanut Bite Cookies 240g,Crown Peanut Butter Chunky 340gm,0.168,https://luckystore.com/images/products/INV-0053.jpg,placeholder
INV-0054,Haiko Bit Salt Powder - 80g,Haiko Cocoa Powder 30gm,0.394,https://luckystore.com/images/products/INV-0054.jpg,placeholder
INV-0055,Volt Pencil Battery UM-4,Egg Loose,0.000,https://luckystore.com/images/products/INV-0055.jpg,placeholder
INV-0056,Safe Touch 0034 4Port 5m Cable Multiplug Heavy Duty White,Nashpati (Pears White),0.204,https://luckystore.com/images/products/INV-0056.jpg,placeholder
INV-0057,Sunsilk Hairfall Solution 170ml,Egg Loose,0.000,https://luckystore.com/images/products/INV-0057.jpg,placeholder
INV-0058,Paijam Atob 25KG (Boiled),Egg Loose,0.000,https://luckystore.com/images/products/INV-0058.jpg,placeholder
INV-0059,Domex 750ml,Egg Loose,0.000,https://luckystore.com/images/products/INV-0059.jpg,placeholder
INV-0060,Tresemme Shampoo Color Revitalized 580ml,Egg Loose,0.000,https://luckystore.com/images/products/INV-0060.jpg,placeholder
INV-0061,Sunsilk Black Shine 170ml,Hosen Black Olives Whole 340(±10)gm,0.313,https://luckystore.com/images/products/INV-0061.jpg,placeholder
INV-0062,Radhuni Vinegar 540ml,Radhuni Synthetic Vinegar 540ml,0.979,https://d2t8nl1y0ie1km.cloudfront.net/images/thumbs/65fa9600115075f231eccd07_Radhuni-Synthetic-Vinegar-540ml_1_415.webp,shwapno_match_high
INV-0063,Clear Shampoo Cool Sport Menthol 5ml,A&W Sarsaparilla Root Beer 325(±)5ml (Can),0.312,https://luckystore.com/images/products/INV-0063.jpg,placeholder
INV-0064,Tresemme Shampoo Keratin Smooth 185ml,Crown Peanut Butter Smooth & Creamy 510gm,0.057,https://luckystore.com/images/products/INV-0064.jpg,placeholder
INV-0065,Sunsilk Hijab Refresh 340ml,Egg Loose,0.000,https://luckystore.com/images/products/INV-0065.jpg,placeholder
INV-0066,Tresemme Keratin 190ml,Egg Loose,0.000,https://luckystore.com/images/products/INV-0066.jpg,placeholder
INV-0067,Dano Daily Pusti 200g,Dano Power Full Cream Milk Powder 200gm,0.492,https://luckystore.com/images/products/INV-0067.jpg,placeholder
INV-0068,Sunsilk Shampoo Thick & Long 340ml,Borboti (Long Bean),0.192,https://luckystore.com/images/products/INV-0068.jpg,placeholder
INV-0069,Jirashail 25KG (Bashir),Egg Loose,0.000,https://luckystore.com/images/products/INV-0069.jpg,placeholder
INV-0070,Ponds White Beauty 50g,Shwapno White Pepper 50gm,0.488,https://luckystore.com/images/products/INV-0070.jpg,placeholder
INV-0071,Lifebouy Health Care 150g,Egg Loose,0.000,https://luckystore.com/images/products/INV-0071.jpg,placeholder
INV-0072,Sunsilk Shampoo Thick & Long 170ml,Borboti (Long Bean),0.192,https://luckystore.com/images/products/INV-0072.jpg,placeholder
INV-0073,Dove Shampoo Hairfall Rescue 170ml,Egg Loose,0.000,https://luckystore.com/images/products/INV-0073.jpg,placeholder
INV-0074,Orange Biscuit - Family Pack,Baby Orange (China),0.314,https://luckystore.com/images/products/INV-0074.jpg,placeholder
INV-0075,Dove Cream Bar 135g,Polar Choco Bar,0.276,https://luckystore.com/images/products/INV-0075.jpg,placeholder
INV-0076,Sunsilk Shampoo Black Shine 80ml,Hosen Black Olives Whole 340(±10)gm,0.265,https://luckystore.com/images/products/INV-0076.jpg,placeholder
INV-0077,Dove Shampoo Intensive Repair 170ml,Egg Loose,0.000,https://luckystore.com/images/products/INV-0077.jpg,placeholder
INV-0078,Dove Cream Pink Bar 135g,Polar Choco Bar,0.239,https://luckystore.com/images/products/INV-0078.jpg,placeholder
INV-0079,Dove Shampoo Nourishing Oil 170ml,Radhuni Mustard Oil 250ml,0.117,https://luckystore.com/images/products/INV-0079.jpg,placeholder
INV-0080,Sunsilk Hairfall Solution 340ml,Egg Loose,0.000,https://luckystore.com/images/products/INV-0080.jpg,placeholder
INV-0081,Onions - piyaj,Onion Stalks (Piyaj Koli) kg,0.386,https://luckystore.com/images/products/INV-0081.jpg,placeholder
INV-0082,Sunsilk Shampoo Onion 375ml,Piyaj Pata (Onion Leaves),0.280,https://luckystore.com/images/products/INV-0082.jpg,placeholder
INV-0083,Radhuni Gorur Mangsho Masala 100gm,Radhuni Turmeric (Holud) Powder 100gm,0.595,https://luckystore.com/images/products/INV-0083.jpg,placeholder
INV-0084,Surf Excel 500g,Tang Powder Drink Mango 500g (BIB),0.321,https://luckystore.com/images/products/INV-0084.jpg,placeholder
INV-0085,Rin Fabric Solution Liquid 400ml,Suree Low Fat Coconut Milk 400ml TH,0.401,https://luckystore.com/images/products/INV-0085.jpg,placeholder
INV-0086,Close Up Menthol Fresh Toothpaste 85g,Egg Loose,0.000,https://luckystore.com/images/products/INV-0086.jpg,placeholder
INV-0087,Sunsilk Conditioner Hair Fall Solution 180ml,Egg Loose,0.000,https://luckystore.com/images/products/INV-0087.jpg,placeholder
INV-0088,Surf Excel Matic Liquid Top 1L,Egg Loose,0.000,https://luckystore.com/images/products/INV-0088.jpg,placeholder
INV-0089,Bashundhara Facial tissue box 120pcs,Bashundhara Maida 2kg,0.448,https://luckystore.com/images/products/INV-0089.jpg,placeholder
INV-0090,Glucose mini,Egg Loose,0.000,https://luckystore.com/images/products/INV-0090.jpg,placeholder
INV-0091,Sunsilk Shampoo Volume 375ml,Egg Loose,0.000,https://luckystore.com/images/products/INV-0091.jpg,placeholder
INV-0092,Dove Shampoo Intensive Repair 330ml,Egg Loose,0.000,https://luckystore.com/images/products/INV-0092.jpg,placeholder
INV-0093,Lifebouy Liquid Total 200ml,Egg Loose,0.000,https://luckystore.com/images/products/INV-0093.jpg,placeholder
INV-0094,Radhuni Premium Ghee 200gm,Pran Premium Ghee 200gm,0.779,https://luckystore.com/images/products/INV-0094.jpg,placeholder
INV-0095,Dove Shampoo Oxygen Moisture 330ml,Egg Loose,0.000,https://luckystore.com/images/products/INV-0095.jpg,placeholder
INV-0096,Clear Shampoo Complete Active Care 5.5ml,Spanisha Healthy & Active Olive Oil 100ml Spain,0.103,https://luckystore.com/images/products/INV-0096.jpg,placeholder
INV-0097,Clear Shampoo Anti Hair Fall 330ml,Egg Loose,0.000,https://luckystore.com/images/products/INV-0097.jpg,placeholder
INV-0098,Lifebouy Liquid Handwash Care 200g,Egg Loose,0.000,https://luckystore.com/images/products/INV-0098.jpg,placeholder
INV-0099,Ponds Superlight Gel 100ml,Polar Choco Delight 100ml,0.474,https://luckystore.com/images/products/INV-0099.jpg,placeholder
INV-0100,Clear Shampoo Complete Active Care 170ml,Spanisha Healthy & Active Olive Oil 100ml Spain,0.114,https://luckystore.com/images/products/INV-0100.jpg,placeholder
INV-0101,Clear Shampoo Complete Active Care 330ml,Marks Active School 400gm (BIB),0.104,https://luckystore.com/images/products/INV-0101.jpg,placeholder
INV-0102,Kodomo Bubble Fruit Toothpaste Gel Ultra Shield Formula (0.5 Years Up) - 40g,Cadbury Dairy Milk Fruit & Nut Chocolate 75gm,0.033,https://luckystore.com/images/products/INV-0102.jpg,placeholder
INV-0103,Ponds Skin Cream White Beauty 35g,Polar Rocks Ice Cream,0.256,https://luckystore.com/images/products/INV-0103.jpg,placeholder
INV-0104,Miniket Atob (Shonko) Loose,Egg Loose,0.000,https://luckystore.com/images/products/INV-0104.jpg,placeholder
INV-0105,Marks Powder 75gm,Tang Orange Instant Drink 75gm (BIB),0.329,https://luckystore.com/images/products/INV-0105.jpg,placeholder
INV-0106,Transtec LED Bright 15w Pin,Egg Loose,0.000,https://luckystore.com/images/products/INV-0106.jpg,placeholder
INV-0107,Knorr Soup Chicken Corn 24g,Roast Chicken,0.320,https://luckystore.com/images/products/INV-0107.jpg,placeholder
INV-0108,Dove Cream Bar 50g,Polar Choco Bar,0.282,https://luckystore.com/images/products/INV-0108.jpg,placeholder
INV-0109,Knorr Soup Thai 28g,Knorr Classic Thai Soup 28gm,0.852,https://luckystore.com/images/products/INV-0109.jpg,placeholder
INV-0110,Detos Sweet Chilli Chips 30g,BTM Sweet Candy 30gm,0.443,https://luckystore.com/images/products/INV-0110.jpg,placeholder
INV-0111,Standard Horlicks Jar 18g,Horlicks Lite 400gm (Jar),0.275,https://luckystore.com/images/products/INV-0111.jpg,placeholder
INV-0112,Surf Excel Fabric Solution Quick Wash 18g,Egg Loose,0.000,https://luckystore.com/images/products/INV-0112.jpg,placeholder
INV-0113,Vim Dish Washing Bar 125g,Polar Choco Bar,0.210,https://luckystore.com/images/products/INV-0113.jpg,placeholder
INV-0114,Vim Dish Washing Powder 500g,Tang Powder Drink Mango 500g (BIB),0.463,https://luckystore.com/images/products/INV-0114.jpg,placeholder
INV-0115,Glucose 350g,Egg Loose,0.000,https://luckystore.com/images/products/INV-0115.jpg,placeholder
INV-0116,Kellogs Oats 900g,Kellogg's Oats Rolled Oats 900gm India,0.489,https://luckystore.com/images/products/INV-0116.jpg,placeholder
INV-0117,Aarong Standardized Milk 500ml,Pran Mustard Oil 500ml,0.507,https://luckystore.com/images/products/INV-0117.jpg,placeholder
INV-0118,Tang Orange Refill Pack 200gm,Aarong Ghee 200gm,0.487,https://luckystore.com/images/products/INV-0118.jpg,placeholder
INV-0119,detol bodywash,Egg Loose,0.000,https://luckystore.com/images/products/INV-0119.jpg,placeholder
INV-0120,Maggi Shaad-E-Magic 4g,Maggi Healthy Soup Thai 35gm,0.193,https://luckystore.com/images/products/INV-0120.jpg,placeholder
INV-0121,Maggi Chicken Sizzling 8g,Broiler Chicken Leg (Kg),0.358,https://luckystore.com/images/products/INV-0121.jpg,placeholder
INV-0122,Maggi Fried Chicken 400g,Paragon Chicken Spring Roll 400gm,0.436,https://luckystore.com/images/products/INV-0122.jpg,placeholder
INV-0123,Nescafe Americano 8g sachet,Pran Hot Tomato Sauce Sachet 8gm 10Pcs,0.347,https://luckystore.com/images/products/INV-0123.jpg,placeholder
INV-0124,Nescafe Hazelnut Latte,Tayas Orient Hazelnut 250gm,0.294,https://luckystore.com/images/products/INV-0124.jpg,placeholder
INV-0125,Nescafe Classic 0.9g Sachet,Pran Hot Tomato Sauce Sachet 8gm 10Pcs,0.025,https://luckystore.com/images/products/INV-0125.jpg,placeholder
INV-0126,Vim Dish Washing Bar 300g,Polar Choco Bar,0.210,https://luckystore.com/images/products/INV-0126.jpg,placeholder
INV-0127,Energy Plus - Standard Pack,Egg Loose,0.000,https://luckystore.com/images/products/INV-0127.jpg,placeholder
INV-0128,Tip -Standard Pack,Egg Loose,0.000,https://luckystore.com/images/products/INV-0128.jpg,placeholder
INV-0129,Nutty - Standard Pack,Egg Loose,0.000,https://luckystore.com/images/products/INV-0129.jpg,placeholder
INV-0130,Honey Tea Bag 25g,Saffola Honey 250ml,0.146,https://luckystore.com/images/products/INV-0130.jpg,placeholder
INV-0131,Lipton Pure Tea 25g,ACI Pure Atta 1kg,0.206,https://luckystore.com/images/products/INV-0131.jpg,placeholder
INV-0132,Radhuni Holud Gura 50gm,Haiko Gelatine 50gm,0.452,https://luckystore.com/images/products/INV-0132.jpg,placeholder
INV-0133,Taaza Tea Bag,Egg Loose,0.000,https://luckystore.com/images/products/INV-0133.jpg,placeholder
INV-0134,Doodles Stick Noodles 150g,Igloo Stick Lolly Lemon 65ml,0.152,https://luckystore.com/images/products/INV-0134.jpg,placeholder
INV-0135,Dove Shampoo Intensive Repair 330ml,Egg Loose,0.000,https://luckystore.com/images/products/INV-0135.jpg,placeholder
INV-0136,Taaza 50g,Egg Loose,0.000,https://luckystore.com/images/products/INV-0136.jpg,placeholder
INV-0137,Transtec LED Bright 9w Pin,Egg Loose,0.000,https://luckystore.com/images/products/INV-0137.jpg,placeholder
INV-0138,Clear Shampoo Cool Sport Menthol 80ml,Egg Loose,0.000,https://luckystore.com/images/products/INV-0138.jpg,placeholder
INV-0139,Taaza 100g,Egg Loose,0.000,https://luckystore.com/images/products/INV-0139.jpg,placeholder
INV-0140,Nutrilife Pomegranate 1L,Egg Loose,0.000,https://luckystore.com/images/products/INV-0140.jpg,placeholder
INV-0141,Lifebouy Liquid Lemon Fresh 200ml,Lebu Gol (Lemon Round),0.305,https://luckystore.com/images/products/INV-0141.jpg,placeholder
INV-0142,Taaza 400g,Egg Loose,0.000,https://luckystore.com/images/products/INV-0142.jpg,placeholder
INV-0143,Oats Bar,Polar Choco Bar,0.366,https://luckystore.com/images/products/INV-0143.jpg,placeholder
INV-0144,Digestive -Standard Pack,Egg Loose,0.000,https://luckystore.com/images/products/INV-0144.jpg,placeholder
INV-0145,Tang Orange Refill Pack 500gm,Tang Powder Drink Orange 500gm (BIB),0.740,https://luckystore.com/images/products/INV-0145.jpg,placeholder
INV-0146,Radhuni Kala Bhuna 80gm,Allah Shafi Honey 80gm,0.424,https://luckystore.com/images/products/INV-0146.jpg,placeholder
INV-0147,Radhuni Dhoniya Gura 100gm,Radhuni Turmeric (Holud) Powder 100gm,0.615,https://luckystore.com/images/products/INV-0147.jpg,placeholder
INV-0148,Taaza 500g,Tang Powder Drink Mango 500g (BIB),0.370,https://luckystore.com/images/products/INV-0148.jpg,placeholder
INV-0149,Tip - Family Pack,Egg Loose,0.000,https://luckystore.com/images/products/INV-0149.jpg,placeholder
INV-0150,Lifebouy Health Soap Total 90g,Egg Loose,0.000,https://luckystore.com/images/products/INV-0150.jpg,placeholder
INV-0151,Radhuni Mezbani Gorur Masala 68gm,Radhuni Biryani Masala 40gm,0.407,https://luckystore.com/images/products/INV-0151.jpg,placeholder
INV-0152,Radhuni Panch Phoron Powder,Radhuni Turmeric (Holud) Powder 100gm,0.506,https://luckystore.com/images/products/INV-0152.jpg,placeholder
INV-0153,Taaza 500g 3 star,Tang Powder Drink Mango 500g (BIB),0.356,https://luckystore.com/images/products/INV-0153.jpg,placeholder
INV-0154,Lifebouy Health Soap Lemon Fresh 90g,Lebu Gol (Lemon Round),0.285,https://luckystore.com/images/products/INV-0154.jpg,placeholder
INV-0155,Godrej Good Knight Power Activ+ (Machine + Refill),Dano Power Full Cream Milk Powder 500gm,0.190,https://luckystore.com/images/products/INV-0155.jpg,placeholder
INV-0156,Radhuni Morich Gura 200gm,Radhuni Haleem Mix 200gm,0.667,https://luckystore.com/images/products/INV-0156.jpg,placeholder
INV-0157,Pond Daily 100g,IKO High Fibre Daily 700gm (Tin),0.137,https://luckystore.com/images/products/INV-0157.jpg,placeholder
INV-0158,Lifebouy Hand Soap Total 90g,Egg Loose,0.000,https://luckystore.com/images/products/INV-0158.jpg,placeholder
INV-0159,Doodles Instant Noodles Ramen 62g (8 Pack),Wow! Masala Instant Noodles 496gm,0.223,https://luckystore.com/images/products/INV-0159.jpg,placeholder
INV-0160,Dove Conditioner Intensive Repair 7ml,Egg Loose,0.000,https://luckystore.com/images/products/INV-0160.jpg,placeholder
INV-0161,Dove Conditioner Hairfall Rescue 170ml,Egg Loose,0.000,https://luckystore.com/images/products/INV-0161.jpg,placeholder
INV-0162,Godrej Good Knigth Bullet (Machine+Refill),Egg Loose,0.000,https://luckystore.com/images/products/INV-0162.jpg,placeholder
INV-0163,Eggs - White (Loose),Quaker White Oats 500gm,0.340,https://luckystore.com/images/products/INV-0163.jpg,placeholder
INV-0164,Bellame Digestive Biscuit 135g,Julie's Butter Crackers Biscuit 250gm,0.131,https://luckystore.com/images/products/INV-0164.jpg,placeholder
INV-0165,Radhuni Morich Gura 500gm,Radhuni Turmeric (Holud) Powder 500gm,0.670,https://luckystore.com/images/products/INV-0165.jpg,placeholder
INV-0166,Goodknight Refill Liquid (45ml),Egg Loose,0.000,https://luckystore.com/images/products/INV-0166.jpg,placeholder
INV-0167,Transtec Backup 10w Churi,Egg Loose,0.000,https://luckystore.com/images/products/INV-0167.jpg,placeholder
INV-0168,Bashundhara Facial tissue box 150pcs,Bashundhara Maida 2kg,0.431,https://luckystore.com/images/products/INV-0168.jpg,placeholder
INV-0169,Lux Soap Velvet Touch 150g,Polar Caramel Touch Ice Cream 1Ltr.,0.099,https://luckystore.com/images/products/INV-0169.jpg,placeholder
INV-0170,Godrej Red HIT (200ml),Tomato Red (Local),0.264,https://luckystore.com/images/products/INV-0170.jpg,placeholder
INV-0171,Radhuni Holud Gura 500gm,Radhuni Turmeric (Holud) Powder 500gm,0.826,https://luckystore.com/images/products/INV-0171.jpg,placeholder
INV-0172,Dove Shampoo Intensive Repair 6ml,Crown Mayonnaise 443.6ml,0.015,https://luckystore.com/images/products/INV-0172.jpg,placeholder
INV-0173,Radhuni Murgir Masala 100gm,Radhuni Turmeric (Holud) Powder 100gm,0.610,https://luckystore.com/images/products/INV-0173.jpg,placeholder
INV-0174,Ponds Light 50ml,Sunkist Mixed Nuts Dry Roasted & Light Salted 150gm Thailand,0.058,https://luckystore.com/images/products/INV-0174.jpg,placeholder
INV-0175,Seylon Cha Pata 500gm,Paragon Shami Kabab 500gm,0.484,https://luckystore.com/images/products/INV-0175.jpg,placeholder
INV-0176,Lux Soap Soft Touch 150g,Shwapno Soft Drink Powder Orange 500gm (Jar),0.094,https://luckystore.com/images/products/INV-0176.jpg,placeholder
INV-0177,Godrej Red Hit (400ml),Coca Cola Drink 400ml,0.424,https://luckystore.com/images/products/INV-0177.jpg,placeholder
INV-0178,Radhuni Dhoniya Gura 500gm,Radhuni Turmeric (Holud) Powder 500gm,0.615,https://luckystore.com/images/products/INV-0178.jpg,placeholder
INV-0179,Dairy Milk 18gm,Cadbury Dairy Milk Chocolate 123(±)18gm,0.678,https://luckystore.com/images/products/INV-0179.jpg,placeholder
INV-0180,Dove Shampoo Hairfall Rescue 6ml,Crown Mayonnaise 443.6ml,0.017,https://luckystore.com/images/products/INV-0180.jpg,placeholder
INV-0181,Ispahani Blenders Choice Premium Black Tea - 400g,Champion Mushrooms Choice Whole 400gm CN,0.388,https://luckystore.com/images/products/INV-0181.jpg,placeholder
INV-0182,Ponds Superlight Gel 50ml,Egg Loose,0.000,https://luckystore.com/images/products/INV-0182.jpg,placeholder
INV-0183,Rin Fabric Solution Power Bright 500g,Tang Powder Drink Mango 500g (BIB),0.394,https://luckystore.com/images/products/INV-0183.jpg,placeholder
INV-0184,Lux Soap Velvet Touch 150g,Polar Caramel Touch Ice Cream 1Ltr.,0.099,https://luckystore.com/images/products/INV-0184.jpg,placeholder
INV-0185,Godrej Black Hit (200ml),Hosen Black Olives Whole 340(±10)gm,0.292,https://luckystore.com/images/products/INV-0185.jpg,placeholder
INV-0186,Vim Dish Washing Liquid 475ml,Egg Loose,0.000,https://luckystore.com/images/products/INV-0186.jpg,placeholder
INV-0187,Radhuni Dhoniya Gura 15gm,Pran Kasundi 285(±)15gm,0.419,https://luckystore.com/images/products/INV-0187.jpg,placeholder
INV-0188,Starship Chocolate Milk 200ml,Starship Full Cream Milk Power 1kg (Poly),0.278,https://luckystore.com/images/products/INV-0188.jpg,placeholder
INV-0189,Radhuni Morich Gura 25gm,Shwapno Gol Morich (Black Pepper) 25gm,0.492,https://luckystore.com/images/products/INV-0189.jpg,placeholder
INV-0190,Nan Opti Pro 1 300g,Egg Loose,0.000,https://luckystore.com/images/products/INV-0190.jpg,placeholder
INV-0191,Vim Dish Washing Liquid 200ml,Egg Loose,0.000,https://luckystore.com/images/products/INV-0191.jpg,placeholder
INV-0192,Kellogs Chocos 127g,Kellogg's Chocos 110(±)17gm,0.319,https://luckystore.com/images/products/INV-0192.jpg,placeholder
INV-0193,Bourbon Cookies -Classic Pack,Hersheys Kisses Cookies N Creme 36gm Malaysia,0.279,https://luckystore.com/images/products/INV-0193.jpg,placeholder
INV-0194,Ispahani Blenders Choice Premium Black Tea - 200g,Hosen Black Olives Whole 340(±10)gm,0.220,https://luckystore.com/images/products/INV-0194.jpg,placeholder
INV-0195,Radhuni Jira Gura 15gm,Pran Kasundi 285(±)15gm,0.436,https://luckystore.com/images/products/INV-0195.jpg,placeholder
INV-0196,Pulse - Mango Masala,Radhuni Biryani Masala 40gm,0.314,https://luckystore.com/images/products/INV-0196.jpg,placeholder
INV-0197,Dairy Milk Silk 55gm,Cadbury Dairy Milk Silk Chocolate 55gm,0.805,https://luckystore.com/images/products/INV-0197.jpg,placeholder
INV-0198,Energy Plus - Family Pack,Egg Loose,0.000,https://luckystore.com/images/products/INV-0198.jpg,placeholder
INV-0199,Godrej Black Hit/Lime (475ml),Hosen Black Olives Whole 340(±10)gm,0.284,https://luckystore.com/images/products/INV-0199.jpg,placeholder
INV-0200,Kellogs Oats 400g,Kellogg's Oats Rolled Oats 400gm India,0.489,https://luckystore.com/images/products/INV-0200.jpg,placeholder
INV-0201,Radhuni Kasundi 285ml,Radhuni Kasundi 265(±)20ml,0.532,https://luckystore.com/images/products/INV-0201.jpg,placeholder
INV-0202,Close Up Menthol Fresh Toothpaste 145g,Egg Loose,0.000,https://luckystore.com/images/products/INV-0202.jpg,placeholder
INV-0203,Godrej Soap,Egg Loose,0.000,https://luckystore.com/images/products/INV-0203.jpg,placeholder
INV-0204,Vim Dish Washing Liquid 1L,Egg Loose,0.000,https://luckystore.com/images/products/INV-0204.jpg,placeholder
INV-0205,Kopi - Candy,BTM Sweet Candy 30gm,0.284,https://luckystore.com/images/products/INV-0205.jpg,placeholder
INV-0206,Dairy Milk Silk Fruit & Nut 55gm,Cadbury Dairy Milk Silk Chocolate 55gm,0.696,https://luckystore.com/images/products/INV-0206.jpg,placeholder
INV-0207,Nutty - Family Pack,Egg Loose,0.000,https://luckystore.com/images/products/INV-0207.jpg,placeholder
INV-0208,Fortune Basmati Rice 1KG,BPM Rice Flour 1kg,0.522,https://luckystore.com/images/products/INV-0208.jpg,placeholder
INV-0209,Seylon Tea Bag Pyramid 2gm,Cadbury Fuse Chocolate 21(±)2gm,0.354,https://luckystore.com/images/products/INV-0209.jpg,placeholder
INV-0210,Radhuni Mangsho Masala 100gm,Radhuni Turmeric (Holud) Powder 100gm,0.606,https://luckystore.com/images/products/INV-0210.jpg,placeholder
INV-0211,Radhuni Premium Ghee 100gm,Pran Premium Ghee 100gm,0.779,https://luckystore.com/images/products/INV-0211.jpg,placeholder
INV-0212,Radhuni Shorisha Oil 1ltr,Radhuni Mustard Oil 1Ltr.,0.900,https://d2t8nl1y0ie1km.cloudfront.net/images/thumbs/66813503f077212bd74ef2d0_Radhuni-Mustard-Oil-1L_1_415.webp,shwapno_match_high
INV-0213,Radhuni Shorisha Oil 500ml,Teer Mustard Oil 500ml,0.531,https://luckystore.com/images/products/INV-0213.jpg,placeholder
INV-0214,Radhuni Morich Gura 100gm,Radhuni Turmeric (Holud) Powder 100gm,0.670,https://luckystore.com/images/products/INV-0214.jpg,placeholder
INV-0215,Milk Mary - Family Pack,Aura Milk Pusti 1kg,0.259,https://luckystore.com/images/products/INV-0215.jpg,placeholder
INV-0216,Dairy Milk Perk,Cadbary Dairy Milk Chocolate 40gm,0.390,https://luckystore.com/images/products/INV-0216.jpg,placeholder
INV-0217,Godrej Powder Hair Dye Black 3g,Hosen Black Olives Whole 340(±10)gm,0.204,https://luckystore.com/images/products/INV-0217.jpg,placeholder
INV-0218,Lux Soap Soft Touch 75g,Shwapno Soft Drink Powder Orange 500gm (Jar),0.082,https://luckystore.com/images/products/INV-0218.jpg,placeholder
INV-0219,Toffeeto Chocolate,Tiffany Eclairs Chocolate 325gm,0.370,https://luckystore.com/images/products/INV-0219.jpg,placeholder
INV-0220,Nescafe Classic 200g Pouch,Shwapno Turmeric Powder 200gm (Pouch),0.426,https://luckystore.com/images/products/INV-0220.jpg,placeholder
INV-0221,Radhuni Kacchi Biriyani Masala 40gm,Radhuni Biryani Masala 40gm,0.905,https://d2t8nl1y0ie1km.cloudfront.net/images/thumbs/65fa95f0115075f231eccc3f_Radhuni-Biryani-Masala-40gm_1_415.webp,shwapno_match_high
INV-0222,Shell & Core,Igloo Stick Shell & Core 62ml,0.479,https://luckystore.com/images/products/INV-0222.jpg,placeholder
INV-0223,Hello Cookies - Family Pack,Hersheys Kisses Cookies N Creme 36gm Malaysia,0.260,https://luckystore.com/images/products/INV-0223.jpg,placeholder
INV-0224,Expert Shampoo Hair Color 9g,Egg Loose,0.000,https://luckystore.com/images/products/INV-0224.jpg,placeholder
INV-0225,Mojo 250ml,Saffola Honey 250ml,0.501,https://luckystore.com/images/products/INV-0225.jpg,placeholder
INV-0226,Bashundhara Restaurant Napkin,Bashundhara Atta 2kg,0.491,https://luckystore.com/images/products/INV-0226.jpg,placeholder
INV-0227,Lux Soap Velvet Touch 75g,Polar Caramel Touch Ice Cream 1Ltr.,0.085,https://luckystore.com/images/products/INV-0227.jpg,placeholder
INV-0228,Clear Shampoo Cool Sport Menthol 330ml,Egg Loose,0.000,https://luckystore.com/images/products/INV-0228.jpg,placeholder
INV-0229,Radhuni Korma Masala 30gm,Radhuni Biryani Masala 40gm,0.464,https://luckystore.com/images/products/INV-0229.jpg,placeholder
INV-0230,Kodomo Toothpaste Orange Cream - 40g,Malta (Orange),0.287,https://luckystore.com/images/products/INV-0230.jpg,placeholder
INV-0231,Tastemaker - Tasting Salt,Egg Loose,0.000,https://luckystore.com/images/products/INV-0231.jpg,placeholder
INV-0232,Expert Shampoo Hair Color 5g,Mehran Biriyani Masala 50(±)5g,0.345,https://luckystore.com/images/products/INV-0232.jpg,placeholder
INV-0233,Mojo 500ml,Saffola Honey 500ml,0.501,https://luckystore.com/images/products/INV-0233.jpg,placeholder
INV-0234,Ata - loose,Egg Loose,0.000,https://luckystore.com/images/products/INV-0234.jpg,placeholder
INV-0235,Surf Excel 1000g,Egg Loose,0.000,https://luckystore.com/images/products/INV-0235.jpg,placeholder
INV-0236,Radhuni Borhani Masala 50gm,Shan Haleem Masala 50gm,0.560,https://luckystore.com/images/products/INV-0236.jpg,placeholder
INV-0237,Tresemme Shampoo Keratin Smooth 340ml,Crown Peanut Butter Smooth & Creamy 340gm,0.082,https://luckystore.com/images/products/INV-0237.jpg,placeholder
INV-0238,Dairy Milk Bubbly 46gm,Cadbury Dairy Milk Silk Bubbly 50(±)4gm,0.413,https://luckystore.com/images/products/INV-0238.jpg,placeholder
INV-0239,Cake 1L,Igloo Ripple Cake Ice Cream 1000ml,0.071,https://luckystore.com/images/products/INV-0239.jpg,placeholder
INV-0240,Starship Milkshake Cookies 200ml,Starship Full Cream Milk Power 1kg (Poly),0.201,https://luckystore.com/images/products/INV-0240.jpg,placeholder
INV-0241,AER Room Spray,Egg Loose,0.000,https://luckystore.com/images/products/INV-0241.jpg,placeholder
INV-0242,Real Potato Chips (American Tomato),Pran Hot Tomato Sauce 3kg,0.254,https://luckystore.com/images/products/INV-0242.jpg,placeholder
INV-0243,Doodles Instant Noodles Masala 62g (12 Pack),Wow! Masala Instant Noodles 496gm,0.328,https://luckystore.com/images/products/INV-0243.jpg,placeholder
INV-0244,Doodles Instant Noodles Masala 62g (8 Pack),Wow! Masala Instant Noodles 496gm,0.354,https://luckystore.com/images/products/INV-0244.jpg,placeholder
INV-0245,Lifebouy Soap Lemon Fresh 150g,Lebu Gol (Lemon Round),0.300,https://luckystore.com/images/products/INV-0245.jpg,placeholder
INV-0246,Dairy Milk Oreo 58gm,Cadbury Dairy Milk Silk Oreo Chocolate 130(±)5gm,0.328,https://luckystore.com/images/products/INV-0246.jpg,placeholder
INV-0247,Freedom Sanitary Napkin Heavy Flow Wings - 16Pads,Golden Harvest Sweet & Hot Chicken Wings and Drumlets 500gm,0.197,https://luckystore.com/images/products/INV-0247.jpg,placeholder
INV-0248,AER Pocket Perfume,Egg Loose,0.000,https://luckystore.com/images/products/INV-0248.jpg,placeholder
INV-0249,Bellame Butter Toast 200g,Red Cow Butter Oil 200gm,0.479,https://luckystore.com/images/products/INV-0249.jpg,placeholder
INV-0250,Chicken Sticks -1,Broiler Chicken Drumstick,0.422,https://luckystore.com/images/products/INV-0250.jpg,placeholder
INV-0251,Lux Soap Velvet Touch 90g,Polar Caramel Touch Ice Cream 1Ltr.,0.085,https://luckystore.com/images/products/INV-0251.jpg,placeholder
INV-0252,Lifebouy Liquid Lemon Fresh 170ml,Lebu Gol (Lemon Round),0.305,https://luckystore.com/images/products/INV-0252.jpg,placeholder
INV-0253,Vanilla (cup),Polar Vanilla Cup Ice Cream,0.457,https://luckystore.com/images/products/INV-0253.jpg,placeholder
INV-0254,Godrej Magic Handwash Refill,Egg Loose,0.000,https://luckystore.com/images/products/INV-0254.jpg,placeholder
INV-0255,Muffin Lata Vanilla 8g,Polar Vanilla Cup Ice Cream,0.277,https://luckystore.com/images/products/INV-0255.jpg,placeholder
INV-0256,Vim Jumbo Size Steel Scourer - (2 Pkt Bundle),Egg Loose,0.000,https://luckystore.com/images/products/INV-0256.jpg,placeholder
INV-0257,Volt Pencil Battery UM-3,Egg Loose,0.000,https://luckystore.com/images/products/INV-0257.jpg,placeholder
INV-0258,Lux Soap Soft Touch 90g,Shwapno Soft Drink Powder Orange 500gm (Jar),0.082,https://luckystore.com/images/products/INV-0258.jpg,placeholder
INV-0259,Radhuni Morich Gura 50gm,Shwapno Gol Morich (Black Pepper) 50gm,0.492,https://luckystore.com/images/products/INV-0259.jpg,placeholder
INV-0260,Muffin Bread Vanilla 324g,Polar Vanilla Cup Ice Cream,0.245,https://luckystore.com/images/products/INV-0260.jpg,placeholder
INV-0261,Chocbar,Egg Loose,0.000,https://luckystore.com/images/products/INV-0261.jpg,placeholder
INV-0262,Kazi Toast 250g,Pran Garlic Paste 250g,0.487,https://luckystore.com/images/products/INV-0262.jpg,placeholder
INV-0263,Muffin Lata Chocolate 8g,Ginnou Chocolate 154(±22)gm (Heart Box),0.280,https://luckystore.com/images/products/INV-0263.jpg,placeholder
INV-0264,Axe Musk Deodorant Body Spray - 150ml,Egg Loose,0.000,https://luckystore.com/images/products/INV-0264.jpg,placeholder
INV-0265,Patabahar Coil - 1Pac,Egg Loose,0.000,https://luckystore.com/images/products/INV-0265.jpg,placeholder
INV-0266,Dano Daily Pusti 500g,Dano Power Full Cream Milk Powder 500gm,0.492,https://luckystore.com/images/products/INV-0266.jpg,placeholder
INV-0267,Seylon Green Tea 1.5gm,Cadbury Dairy Milk Silk Oreo Chocolate 60(±)1.5gm,0.361,https://luckystore.com/images/products/INV-0267.jpg,placeholder
INV-0268,Muffin Bread Chocolate 324g,Ginnou Chocolate 154(±22)gm (Heart Box),0.285,https://luckystore.com/images/products/INV-0268.jpg,placeholder
INV-0269,Slice Pound Cake Vanilla,Igloo Container Vanilla 1000ml,0.319,https://luckystore.com/images/products/INV-0269.jpg,placeholder
INV-0270,Muffin Lata Fruit 8g,Cadbury Dairy Milk Silk Fruit & Nut 129gm,0.072,https://luckystore.com/images/products/INV-0270.jpg,placeholder
INV-0271,Poppers Corn Coconut Crackers 25g,Maggi Healthy Soup Corn With Chicken 25gm,0.392,https://luckystore.com/images/products/INV-0271.jpg,placeholder
INV-0272,Bashundhara Toilet Tissue (Gold),Bashundhara Atta 2kg,0.470,https://luckystore.com/images/products/INV-0272.jpg,placeholder
INV-0273,Fortune Mustard Oil 250ml,Radhuni Mustard Oil 250ml,0.852,https://luckystore.com/images/products/INV-0273.jpg,placeholder
INV-0274,Dark Desire 1kg,Dabur Honey 1kg,0.504,https://luckystore.com/images/products/INV-0274.jpg,placeholder
INV-0275,Doodles Instant Noodles Ramen 62g (4 Pack),Wow! Masala Instant Noodles 496gm,0.223,https://luckystore.com/images/products/INV-0275.jpg,placeholder
INV-0276,Pound Cake Vanilla,Loacker Vanilla Wafer 90gm,0.343,https://luckystore.com/images/products/INV-0276.jpg,placeholder
INV-0277,Slice Pound Cake Milk,Suree Rich & Creamy Coconut Milk 400ml TH,0.261,https://luckystore.com/images/products/INV-0277.jpg,placeholder
INV-0278,Bashundhara Facial tissue box 100pcs,Bashundhara Maida 2kg,0.431,https://luckystore.com/images/products/INV-0278.jpg,placeholder
INV-0279,Moida - loose,Egg Loose,0.000,https://luckystore.com/images/products/INV-0279.jpg,placeholder
INV-0280,Radhuni Jira Gura 50gm,Haiko Gelatine 50gm,0.434,https://luckystore.com/images/products/INV-0280.jpg,placeholder
INV-0281,Golden 1kg,BPM Chola 1kg,0.486,https://luckystore.com/images/products/INV-0281.jpg,placeholder
INV-0282,Radhuni Holud Gura 200gm,Radhuni Turmeric (Holud) Powder 200gm (Jar),0.803,https://luckystore.com/images/products/INV-0282.jpg,placeholder
INV-0283,Pound Cake Chocolate,Horlicks Chocolate 500gm (Jar),0.355,https://luckystore.com/images/products/INV-0283.jpg,placeholder
INV-0284,Mini Dry Cake,Igloo Ripple Cake Ice Cream 1000ml,0.209,https://luckystore.com/images/products/INV-0284.jpg,placeholder
INV-0285,Bashundhara Hand Towel 250 Box,Bashundhara Atta 2kg,0.470,https://luckystore.com/images/products/INV-0285.jpg,placeholder
INV-0286,Bashundhara Hand Towel White 150pcs,Bashundhara Maida 2kg,0.408,https://luckystore.com/images/products/INV-0286.jpg,placeholder
INV-0287,Radhuni Gorur Masala 25gm,Radhuni Tehari Masala 40gm,0.433,https://luckystore.com/images/products/INV-0287.jpg,placeholder
INV-0288,Radhuni Fried Chicken Mix 75gm,Cadbury Dairy Milk Fruit & Nut Chocolate 75gm,0.405,https://luckystore.com/images/products/INV-0288.jpg,placeholder
INV-0289,Radhuni Kabab Masala 50gm,Shan Haleem Masala 50gm,0.573,https://luckystore.com/images/products/INV-0289.jpg,placeholder
INV-0290,Nutrilife Can,Wild brew 250ml (Can),0.303,https://luckystore.com/images/products/INV-0290.jpg,placeholder
INV-0291,Tomato Ketchup Small,Pran Tomato Ketchup 340gm,0.524,https://luckystore.com/images/products/INV-0291.jpg,placeholder
INV-0292,Ponds Bright Beauty 50g,Egg Loose,0.000,https://luckystore.com/images/products/INV-0292.jpg,placeholder
INV-0293,Chupa Chups Best of Lollipops (6Pcs Bundle) - 72g,Kent Cream of Chicken Soup 68gm Turkey,0.039,https://luckystore.com/images/products/INV-0293.jpg,placeholder
INV-0294,Radhuni Gorom Masala Gura 15gm,Pran Kasundi 285(±)15gm,0.388,https://luckystore.com/images/products/INV-0294.jpg,placeholder
INV-0295,Mango Melody 1L,Polar Mango Ice Cream 1Ltr.,0.424,https://luckystore.com/images/products/INV-0295.jpg,placeholder
INV-0296,Center Fresh Chewing Gum,Egg Loose,0.000,https://luckystore.com/images/products/INV-0296.jpg,placeholder
INV-0297,Dano Daily Pusti 50g,Aura Milk Pusti 1kg,0.208,https://luckystore.com/images/products/INV-0297.jpg,placeholder
INV-0298,Fortune Mustard Oil 80ml,Pran Mustard Oil 500ml,0.371,https://luckystore.com/images/products/INV-0298.jpg,placeholder
INV-0299,Nimki Small,Usta (Bitter Gourd Small),0.290,https://luckystore.com/images/products/INV-0299.jpg,placeholder
INV-0300,Radhuni Holud Gura 25gm,Shwapno Gol Morich (Black Pepper) 25gm,0.387,https://luckystore.com/images/products/INV-0300.jpg,placeholder
INV-0301,Vanilla (1/2 L),Polar Vanilla Cup Ice Cream,0.334,https://luckystore.com/images/products/INV-0301.jpg,placeholder
INV-0302,Radhuni Hasher Mangsho 33gm,Khashir Mangsho (Mutton Premium),0.333,https://luckystore.com/images/products/INV-0302.jpg,placeholder
INV-0303,Bellame Chocolate Fondue Cookie 176g,Ginnou Chocolate 154(±22)gm (Heart Box),0.209,https://luckystore.com/images/products/INV-0303.jpg,placeholder
INV-0304,Nutrilife Mango Juice 1L,Polar Mango Ice Cream 1Ltr.,0.453,https://luckystore.com/images/products/INV-0304.jpg,placeholder
INV-0305,Bashundhara Toilet Tissue (White),Bashundhara Atta 2kg,0.444,https://luckystore.com/images/products/INV-0305.jpg,placeholder
INV-0306,Dry Cake (300g),Igloo Ripple Cake Ice Cream 1000ml,0.084,https://luckystore.com/images/products/INV-0306.jpg,placeholder
INV-0307,Strawberry (1/2 L),Polar Strawberry Smile 1000ml,0.234,https://luckystore.com/images/products/INV-0307.jpg,placeholder
INV-0308,Radhuni Holud Gura 100gm,Radhuni Turmeric (Holud) Powder 100gm,0.826,https://luckystore.com/images/products/INV-0308.jpg,placeholder
INV-0309,Nutrilife Orange Juice 1L,Malta (Orange),0.300,https://luckystore.com/images/products/INV-0309.jpg,placeholder
INV-0310,ABC Cup Hot Gulai Chicken Flavour - 60g,Broiler Chicken Leg (Kg),0.296,https://luckystore.com/images/products/INV-0310.jpg,placeholder
INV-0311,Radhuni Biriyani Masala 40gm,Radhuni Biryani Masala 40gm,1.000,https://d2t8nl1y0ie1km.cloudfront.net/images/thumbs/65fa95f0115075f231eccc3f_Radhuni-Biryani-Masala-40gm_1_415.webp,shwapno_match_high
INV-0312,Chocolate (1/2 L),Ginnou Chocolate 154(±22)gm (Heart Box),0.345,https://luckystore.com/images/products/INV-0312.jpg,placeholder
INV-0313,Radhuni Macher Masala 20gm,Radhuni Tehari Masala 40gm,0.464,https://luckystore.com/images/products/INV-0313.jpg,placeholder
INV-0314,Transtec Backup 15w Pin,Egg Loose,0.000,https://luckystore.com/images/products/INV-0314.jpg,placeholder
INV-0315,Dairy Milk Crispello 19gm,Cadbary Dairy Milk Chocolate 40gm,0.236,https://luckystore.com/images/products/INV-0315.jpg,placeholder
INV-0316,Go & Handsome Skin Cream Men 25g,Polar Crunchy Ice Cream,0.240,https://luckystore.com/images/products/INV-0316.jpg,placeholder
INV-0317,Shell & Core,Igloo Stick Shell & Core 62ml,0.479,https://luckystore.com/images/products/INV-0317.jpg,placeholder
INV-0318,Transtec Backup 15w Churi,Egg Loose,0.000,https://luckystore.com/images/products/INV-0318.jpg,placeholder
INV-0319,Dano Sterilized Cream - 160g,Haiko Ice-cream Powder 160gm Pot,0.425,https://luckystore.com/images/products/INV-0319.jpg,placeholder
INV-0320,Radhuni Tehari Masala 40gm,Radhuni Tehari Masala 40gm,1.000,https://d2t8nl1y0ie1km.cloudfront.net/images/thumbs/65fa95f4115075f231eccc73_Radhuni-Tehari-Masala-40gm_1_415.webp,shwapno_match_high
INV-0321,Discone,Egg Loose,0.000,https://luckystore.com/images/products/INV-0321.jpg,placeholder
INV-0322,Avonee Pant Style Baby Diaper (9-14Kg) - L 48pcs,Baby Orange (China),0.161,https://luckystore.com/images/products/INV-0322.jpg,placeholder
INV-0323,Maxline ML-073 Multi Color Multiplug 3 Port with 3M Cable,Egg Loose,0.000,https://luckystore.com/images/products/INV-0323.jpg,placeholder
INV-0324,Doodles Stick Noodles Chicken Delight 300g,Golden Harvest Chicken Strips 300gm,0.409,https://luckystore.com/images/products/INV-0324.jpg,placeholder
INV-0325,Mentos,Egg Loose,0.000,https://luckystore.com/images/products/INV-0325.jpg,placeholder
INV-0326,Transtec LED Bright 18w Pin,Egg Loose,0.000,https://luckystore.com/images/products/INV-0326.jpg,placeholder
INV-0327,Mabroom Premium Dates - 500G,Khezur (Dates) Maryam Premium 500gm (Pack),0.456,https://luckystore.com/images/products/INV-0327.jpg,placeholder
INV-0328,Bellame Chocolate Digestive 135g,Ginnou Chocolate 154(±22)gm (Heart Box),0.267,https://luckystore.com/images/products/INV-0328.jpg,placeholder
INV-0329,Pound Cake Fruit,Igloo Ripple Cake Ice Cream 1000ml,0.212,https://luckystore.com/images/products/INV-0329.jpg,placeholder
INV-0330,Transtac LED Bright 18w Churi,Egg Loose,0.000,https://luckystore.com/images/products/INV-0330.jpg,placeholder
INV-0331,Nescafe Sunrise 3in1 10g,Egg Loose,0.000,https://luckystore.com/images/products/INV-0331.jpg,placeholder
INV-0332,Dairy Milk Hazelnut 54gm,Cadbury Dairy Milk Silk Hazelnut Chocolate 58(±)4gm,0.369,https://luckystore.com/images/products/INV-0332.jpg,placeholder
INV-0333,Radhuni Shorisha Oil 80ml,Radhuni Mustard Oil 250ml,0.420,https://luckystore.com/images/products/INV-0333.jpg,placeholder
INV-0334,Transtec Mosquito Bat,Egg Loose,0.000,https://luckystore.com/images/products/INV-0334.jpg,placeholder
INV-0335,Twinings Pure Green Tea 25 Bags - 50g,Kacha Pepe (Green Papaya),0.249,https://luckystore.com/images/products/INV-0335.jpg,placeholder
INV-0336,Dairy Milk Roast Almond 52gm,Cadbury Dairy Milk Silk Roast Almond 58(±)6gm,0.467,https://luckystore.com/images/products/INV-0336.jpg,placeholder
INV-0337,ACI Chinigura 50KG Loose,ACI Pure Atta 1kg,0.234,https://luckystore.com/images/products/INV-0337.jpg,placeholder
INV-0338,Bashundhara Hand Towel 250 Poly,Bashundhara Atta 2kg,0.454,https://luckystore.com/images/products/INV-0338.jpg,placeholder
INV-0339,Twinings Green Tea & Ginger 20 Bags - 40g,Green Apple (Apple Golden Delicious),0.215,https://luckystore.com/images/products/INV-0339.jpg,placeholder
INV-0340,Kellogs Almond Corn Flakes 300g,BPM Corn 300gm,0.424,https://luckystore.com/images/products/INV-0340.jpg,placeholder
INV-0341,Vanilla 1L,Polar Vanilla Ice Cream 1Ltr.,0.453,https://luckystore.com/images/products/INV-0341.jpg,placeholder
INV-0342,Firni 1L,Egg Loose,0.000,https://luckystore.com/images/products/INV-0342.jpg,placeholder
INV-0343,Twinings Green Tea Jasmine - 25 Bags,Nana Green Peas 400gm (Tin),0.296,https://luckystore.com/images/products/INV-0343.jpg,placeholder
INV-0344,Kellogs Corn Flakes Real Honey 300g,BPM Corn 300gm,0.377,https://luckystore.com/images/products/INV-0344.jpg,placeholder
INV-0345,Strawberry 1L,Polar Strawberry Ice Cream 1Ltr.,0.485,https://luckystore.com/images/products/INV-0345.jpg,placeholder
INV-0346,Doi 1L,Polar Doi Ice Cream 1Ltr. (Container),0.330,https://luckystore.com/images/products/INV-0346.jpg,placeholder
INV-0347,Twinings Green Tea & lemon - 25 Bags,Tomato Green & Red (Kacha Paka) kg,0.281,https://luckystore.com/images/products/INV-0347.jpg,placeholder
INV-0348,Garlic - roshun,Roshun (Garlic) Deshi Loose Premium Kg,0.414,https://luckystore.com/images/products/INV-0348.jpg,placeholder
INV-0349,Chocolate 1L,Polar Chocolate Ice Cream 1Ltr.,0.476,https://luckystore.com/images/products/INV-0349.jpg,placeholder
INV-0350,Basmati (Golden) Banglamoti Loose,Green Apple (Apple Golden Delicious),0.270,https://luckystore.com/images/products/INV-0350.jpg,placeholder
INV-0351,Twinings Green Tea Earl Grey 20 Bags - 40g,Green Apple (Apple Golden Delicious),0.227,https://luckystore.com/images/products/INV-0351.jpg,placeholder
INV-0352,Wheel Fabric Solutions Clean and Fresh 200g,Egg Loose,0.000,https://luckystore.com/images/products/INV-0352.jpg,placeholder
INV-0353,Safe Touch 0032 5Port 5m Cable Multiplug Heavy Duty White,Nashpati (Pears White),0.204,https://luckystore.com/images/products/INV-0353.jpg,placeholder
INV-0354,Transtec LED Bright 13w Churi,Egg Loose,0.000,https://luckystore.com/images/products/INV-0354.jpg,placeholder
INV-0355,Saf Instant Yeast - 100g,Shwapno Yeast 40gm (Jar),0.183,https://luckystore.com/images/products/INV-0355.jpg,placeholder
INV-0356,Go & Handsome Facewash Men 50g,Egg Loose,0.000,https://luckystore.com/images/products/INV-0356.jpg,placeholder
INV-0357,Pulse - Mango Masala,Radhuni Biryani Masala 40gm,0.314,https://luckystore.com/images/products/INV-0357.jpg,placeholder
INV-0358,Samyang Hot Chicken Flavor Carbo Ramen Noodles Cup - 80g,Broiler Chicken Breast Boneless,0.247,https://luckystore.com/images/products/INV-0358.jpg,placeholder
INV-0359,Nescafe Classic 90g Jar,Egg Loose,0.000,https://luckystore.com/images/products/INV-0359.jpg,placeholder
INV-0360,Rexona Men Advanced Invisible Dry Roll On - 45ml,Paragon Chicken Spring Roll 400gm,0.090,https://luckystore.com/images/products/INV-0360.jpg,placeholder
INV-0361,Marks Powder 500gm,AMA Full Cream Milk Powder 500gm,0.580,https://luckystore.com/images/products/INV-0361.jpg,placeholder
INV-0362,MI 9se 18W Quick Charger 3.0 With Power Adapter,Dano Power Full Cream Milk Powder 500gm,0.012,https://luckystore.com/images/products/INV-0362.jpg,placeholder
INV-0363,Aarong Liquid Milk 1ltr,Polar Mango Ice Cream 1Ltr.,0.438,https://luckystore.com/images/products/INV-0363.jpg,placeholder
INV-0364,Paprika Powder - 15g,Haiko Custard Powder 150gm,0.251,https://luckystore.com/images/products/INV-0364.jpg,placeholder
INV-0365,Maggi Vegetable Soup 25g,Maggi Healthy Soup Vegetable 25gm,0.803,https://luckystore.com/images/products/INV-0365.jpg,placeholder
INV-0366,Awei Data Cable Micro USB (CL-115M),Egg Loose,0.000,https://luckystore.com/images/products/INV-0366.jpg,placeholder
INV-0367,Ispahani blenders choice premium green tea - 35g,Kacha Morich (Chilli Green),0.258,https://luckystore.com/images/products/INV-0367.jpg,placeholder
INV-0368,Safe Touch 0032 5Port 2m Cable Multiplug Heavy Duty White,Nashpati (Pears White),0.204,https://luckystore.com/images/products/INV-0368.jpg,placeholder
INV-0369,Maggi Thai Soup 35g,Maggi Healthy Soup Thai 35gm,0.832,https://luckystore.com/images/products/INV-0369.jpg,placeholder
INV-0370,Dano Daily Pusti 100g,Aura Milk Pusti 1kg,0.225,https://luckystore.com/images/products/INV-0370.jpg,placeholder
INV-0371,Mars Fruit & Nut Chocolate - 32g,Cadbury Dairy Milk Fruit & Nut Chocolate 75gm,0.382,https://luckystore.com/images/products/INV-0371.jpg,placeholder
INV-0372,Maggi Corn Soup 25g,Maggi Healthy Soup Corn With Chicken 25gm,0.690,https://luckystore.com/images/products/INV-0372.jpg,placeholder
INV-0373,Radhuni Chotpoti Masala 50gm,Shan Haleem Masala 50gm,0.535,https://luckystore.com/images/products/INV-0373.jpg,placeholder
INV-0374,Snickers Fruit & Nut Chocolate - 32g,Cadbury Dairy Milk Fruit & Nut Chocolate 75gm,0.377,https://luckystore.com/images/products/INV-0374.jpg,placeholder
INV-0375,Marks Powder 250gm,Haiko Tempura Powder 250gm,0.629,https://luckystore.com/images/products/INV-0375.jpg,placeholder
INV-0376,Dairy Milk Fuse 21gm,Cadbury Five Star Oreo Chocolate 21gm,0.377,https://luckystore.com/images/products/INV-0376.jpg,placeholder
INV-0377,Katari Atob 25KG (Premium),ACI Pure Fortified Katari Rice 5kg,0.082,https://luckystore.com/images/products/INV-0377.jpg,placeholder
INV-0378,Maltova Baking Powder 100g,MJ's Baking Powder 100gm United Arab Emirates,0.495,https://luckystore.com/images/products/INV-0378.jpg,placeholder
INV-0379,Foodie Masala Noodles 12 Pack,Wow! Masala Instant Noodles 496gm,0.399,https://luckystore.com/images/products/INV-0379.jpg,placeholder
INV-0380,Haiko Agar Agar - 20g,Haiko Paprika 20gm,0.608,https://luckystore.com/images/products/INV-0380.jpg,placeholder
INV-0381,Maggi Fun Pack 992g,Maggi Healthy Soup Thai 35gm,0.214,https://luckystore.com/images/products/INV-0381.jpg,placeholder
INV-0382,Kikkoman All Purpose Seasoning Soy Sauce - 1ltr,ACI Pure Mustard Oil 1Ltr.,0.387,https://luckystore.com/images/products/INV-0382.jpg,placeholder
INV-0383,Wheel Fabric Solutions Laundry Soap 125g,Egg Loose,0.000,https://luckystore.com/images/products/INV-0383.jpg,placeholder
INV-0384,Mohammad Baking Soda - 86g,Haiko Baking Powder 160gm (Pot),0.176,https://luckystore.com/images/products/INV-0384.jpg,placeholder
INV-0385,Dano Power 200g,Dano Power Full Cream Milk Powder 200gm,0.583,https://luckystore.com/images/products/INV-0385.jpg,placeholder
INV-0386,Rexona Motionsense Advanced Brightening Roll On - 50ml,Paragon Chicken Spring Roll 400gm,0.113,https://luckystore.com/images/products/INV-0386.jpg,placeholder
INV-0387,Diploma IFCMP 1kg,Diploma Instant Full Cream Milk Powder 1kg (Foil Pack),0.540,https://luckystore.com/images/products/INV-0387.jpg,placeholder
INV-0388,Radhuni Dhoniya Gura 200gm,Radhuni Haleem Mix 200gm,0.660,https://luckystore.com/images/products/INV-0388.jpg,placeholder
INV-0389,Dano Sterilized Cream - 170g,Polar Vanilla Cup Ice Cream,0.279,https://luckystore.com/images/products/INV-0389.jpg,placeholder
INV-0390,Cerelac Stage 1 Rice 350g,Horlicks Junior Stage-1 500gm (Jar),0.141,https://luckystore.com/images/products/INV-0390.jpg,placeholder
INV-0391,Dano Delight 500g,Dano Power Full Cream Milk Powder 500gm,0.461,https://luckystore.com/images/products/INV-0391.jpg,placeholder
INV-0392,Mohammad Yeast,Shwapno Yeast 40gm (Jar),0.299,https://luckystore.com/images/products/INV-0392.jpg,placeholder
INV-0393,Cerelac Stage I Wheat 350g,Horlicks Junior Stage-1 500gm (Jar),0.120,https://luckystore.com/images/products/INV-0393.jpg,placeholder
INV-0394,Cadbury Cocoa Powder Packet - 125g,Cadbury Cocoa Powder 125gm,0.901,https://d2t8nl1y0ie1km.cloudfront.net/images/thumbs/66827b5be605f3fd35f16d0e_Cadbury-Cocoa-Powder-125gm_1_415.webp,shwapno_match_high
INV-0395,Jirashail 25KG (Nobanno),Egg Loose,0.000,https://luckystore.com/images/products/INV-0395.jpg,placeholder
INV-0396,Movilcell M15 Fast Charging Cable TypeC 5A Output,Egg Loose,0.000,https://luckystore.com/images/products/INV-0396.jpg,placeholder
INV-0397,Standard Horlicks Jar 250g,Pran Garlic Paste 250g,0.475,https://luckystore.com/images/products/INV-0397.jpg,placeholder
INV-0398,Yardley London English Blossom Deodorant Roll On - 50ml,Paragon Chicken Spring Roll 400gm,0.061,https://luckystore.com/images/products/INV-0398.jpg,placeholder
INV-0399,Cerelac Stage III Four Fruit 350g,Horlicks Junior Stage-1 500gm (Jar),0.084,https://luckystore.com/images/products/INV-0399.jpg,placeholder
INV-0400,Rayners Corn Flour - 400g,Foster Clark's Corn Flour 400gm (Tin),0.553,https://luckystore.com/images/products/INV-0400.jpg,placeholder
INV-0401,Nan Opti Pro 2 350g,Egg Loose,0.000,https://luckystore.com/images/products/INV-0401.jpg,placeholder
INV-0402,Baby Oats Health Paradise,Baby Orange (China),0.364,https://luckystore.com/images/products/INV-0402.jpg,placeholder
INV-0403,Nan Opti Pro 3 350g,Egg Loose,0.000,https://luckystore.com/images/products/INV-0403.jpg,placeholder
INV-0404,Dove Conditioner Intensive Repair 50ml,Egg Loose,0.000,https://luckystore.com/images/products/INV-0404.jpg,placeholder
INV-0405,Standard Horlicks Jar 500g,Horlicks Chocolate 500gm (Jar),0.583,https://luckystore.com/images/products/INV-0405.jpg,placeholder
INV-0406,Diploma IFCMP 500g,Diploma Instant Full Cream Milk Powder 500gm (Foil Pack),0.492,https://luckystore.com/images/products/INV-0406.jpg,placeholder
INV-0407,Jirashail (Nobanno) Loose,Egg Loose,0.000,https://luckystore.com/images/products/INV-0407.jpg,placeholder
INV-0408,Boost Standard Jar 400g,Boost Malt 400gm (Jar),0.584,https://luckystore.com/images/products/INV-0408.jpg,placeholder
INV-0409,Maltova 400g,Egg Loose,0.000,https://luckystore.com/images/products/INV-0409.jpg,placeholder
INV-0410,Junior Horlicks Stage II 500g,Horlicks Junior Stage-1 500gm (Jar),0.713,https://luckystore.com/images/products/INV-0410.jpg,placeholder
INV-0411,Junior Horlicks Stage I 500g,Horlicks Junior Stage-1 500gm (Jar),0.760,https://luckystore.com/images/products/INV-0411.jpg,placeholder
INV-0412,Mother Horlicks 350g,Mothers Horlicks 350gm (BIB),0.625,https://luckystore.com/images/products/INV-0412.jpg,placeholder
INV-0413,Horlicks Pouch 400g,Horlicks 400gm (Pouch),0.769,https://luckystore.com/images/products/INV-0413.jpg,placeholder
INV-0414,Standard Horlicks Jar 1000g,Horlicks Classic Malt 1000gm (Jar),0.576,https://luckystore.com/images/products/INV-0414.jpg,placeholder
INV-0415,Dry Cake,Igloo Ripple Cake Ice Cream 1000ml,0.203,https://luckystore.com/images/products/INV-0415.jpg,placeholder
INV-0416,Nazirshail (Rahman) Loose,Egg Loose,0.000,https://luckystore.com/images/products/INV-0416.jpg,placeholder
INV-0417,Nido 1+ 350g,Nido Fortigrow Full Cream Milk Powder 2.5kg (Tin),0.105,https://luckystore.com/images/products/INV-0417.jpg,placeholder
INV-0418,Shukran Rice Atosh 50KG,Shwapno Rice Flour 1kg,0.211,https://luckystore.com/images/products/INV-0418.jpg,placeholder
INV-0419,Kellogs Fruit Loops 285g,Kellogg's Froot Loops Cereal 285gm India,0.510,https://luckystore.com/images/products/INV-0419.jpg,placeholder
INV-0420,Sugar,SIS Brown Sugar 800gm,0.297,https://luckystore.com/images/products/INV-0420.jpg,placeholder
INV-0421,Kellogs Chocos Fills Centred Pillow 250g,Kellogg's Chocos Fills 250gm,0.593,https://luckystore.com/images/products/INV-0421.jpg,placeholder
INV-0422,Katari C 25KG (Nobanno),ACI Pure Fortified Katari Rice 5kg,0.111,https://luckystore.com/images/products/INV-0422.jpg,placeholder
INV-0423,Nido Fortigo 350g,Nido Fortigrow Full Cream Milk Powder 2.5kg (Tin),0.196,https://luckystore.com/images/products/INV-0423.jpg,placeholder
INV-0424,Chona Boot,Egg Loose,0.000,https://luckystore.com/images/products/INV-0424.jpg,placeholder
INV-0425,Nazirshail 25KG (Rupchanda),Rupchanda (Pomfret) Fresh Local Captured (8-10 Pcs/kg),0.167,https://luckystore.com/images/products/INV-0425.jpg,placeholder
INV-0426,Fortune Rice Bran Oil 2L,Span Oliva Extra Virgin Olive Oil 2Ltr.,0.352,https://luckystore.com/images/products/INV-0426.jpg,placeholder
INV-0427,Lifebouy Liquid Lemon Fresh 170ml,Lebu Gol (Lemon Round),0.305,https://luckystore.com/images/products/INV-0427.jpg,placeholder
INV-0428,Surf Excel 180g,Egg Loose,0.000,https://luckystore.com/images/products/INV-0428.jpg,placeholder
INV-0429,Diploma IFCMP 200g,Diploma Instant Full Cream Milk Powder 200gm (Foil Pack),0.492,https://luckystore.com/images/products/INV-0429.jpg,placeholder
INV-0430,Katari C (Nobanno) Loose,ACI Pure Fortified Katari Rice 5kg,0.221,https://luckystore.com/images/products/INV-0430.jpg,placeholder
INV-0431,Miniket C (Nouka) Loose,Egg Loose,0.000,https://luckystore.com/images/products/INV-0431.jpg,placeholder
INV-0432,Lactogen 1350g,Egg Loose,0.000,https://luckystore.com/images/products/INV-0432.jpg,placeholder
INV-0433,Ispahani Mirzapore Tea Bag - 50p,Egg Loose,0.000,https://luckystore.com/images/products/INV-0433.jpg,placeholder
INV-0434,Foster Clarks Baking Powder - 225gm,Foster Clark's Baking Powder 225gm,1.000,https://d2t8nl1y0ie1km.cloudfront.net/images/thumbs/65fa95b5115075f231ecc912_Foster-Clarks-Baking-Powder-225gm_1_415.webp,shwapno_match_high
INV-0435,Knock Chocolate Cream,Polar Chocolate Ice Cream 1Ltr.,0.473,https://luckystore.com/images/products/INV-0435.jpg,placeholder
INV-0436,Lactogen 2 350g,Egg Loose,0.000,https://luckystore.com/images/products/INV-0436.jpg,placeholder
INV-0437,Knock Milk Cream,Polar Rocks Ice Cream,0.367,https://luckystore.com/images/products/INV-0437.jpg,placeholder
INV-0438,Lactogen 3 350g,Egg Loose,0.000,https://luckystore.com/images/products/INV-0438.jpg,placeholder
INV-0439,Knock Strawberry Cream,Polar Strawberry Ice Cream 1Ltr.,0.480,https://luckystore.com/images/products/INV-0439.jpg,placeholder
INV-0440,Cerelac Stage IV Chicken 350g,Roast Chicken,0.356,https://luckystore.com/images/products/INV-0440.jpg,placeholder
INV-0441,Dano Delight 200g,Dano Power Full Cream Milk Powder 200gm,0.461,https://luckystore.com/images/products/INV-0441.jpg,placeholder
INV-0442,Cerelace Stage 1 Three Fruits 350g,Horlicks Junior Stage-1 500gm (Jar),0.101,https://luckystore.com/images/products/INV-0442.jpg,placeholder
INV-0443,Nescafe Classic 180g Jar,Egg Loose,0.000,https://luckystore.com/images/products/INV-0443.jpg,placeholder
INV-0444,Nescafe Classic 45g Jar,Pran Kacchi Biryani Masala 45g,0.360,https://luckystore.com/images/products/INV-0444.jpg,placeholder
INV-0445,Potatoes - alu,New Alu Loose kg,0.319,https://luckystore.com/images/products/INV-0445.jpg,placeholder
INV-0446,Kellogs Chocos 250g,Kellogg's Chocos Fills 250gm,0.594,https://luckystore.com/images/products/INV-0446.jpg,placeholder
INV-0447,Nimki Big,Haiko Yeast Big 20gm (Bottle),0.237,https://luckystore.com/images/products/INV-0447.jpg,placeholder
INV-0448,Marks Powder 1000gm,Radhuni Turmeric (Holud) Powder 1000gm,0.551,https://luckystore.com/images/products/INV-0448.jpg,placeholder
INV-0449,Bashundhara Pocket Tissue Wallet (Per Hanger),Bashundhara Atta 2kg,0.355,https://luckystore.com/images/products/INV-0449.jpg,placeholder
INV-0450,Dano Power 500g,Dano Power Full Cream Milk Powder 500gm,0.583,https://luckystore.com/images/products/INV-0450.jpg,placeholder
INV-0451,Coffee Bite Jar,Egg Loose,0.000,https://luckystore.com/images/products/INV-0451.jpg,placeholder
INV-0452,Radhuni Shorisha Oil 250ml,Radhuni Mustard Oil 250ml,0.904,https://d2t8nl1y0ie1km.cloudfront.net/images/thumbs/668134fef077212bd74ef289_Radhuni-Mustard-Oil-250ml_1_415.webp,shwapno_match_high
INV-0453,Regard Keora Water (Glass) - 200ml,Schweppes Soda Water Can 330(±)10ml,0.136,https://luckystore.com/images/products/INV-0453.jpg,placeholder
INV-0454,Kellogs Muesli Crunchy Fruit & Nut 500g,Tang Powder Drink Mango 500g (BIB),0.295,https://luckystore.com/images/products/INV-0454.jpg,placeholder
INV-0455,Rangdhanu Mixed Herbs - 30g (Exp01.23),Ruchi Mixed Chutney 450gm,0.124,https://luckystore.com/images/products/INV-0455.jpg,placeholder
INV-0456,Miniket Atob 25KG (Shonko),Egg Loose,0.000,https://luckystore.com/images/products/INV-0456.jpg,placeholder
INV-0457,Bellame Choco Little Cookies 240g,Polar Choco Bar,0.247,https://luckystore.com/images/products/INV-0457.jpg,placeholder
INV-0458,Lifebouy Health Soap Lemon Fresh 150g,Lebu Gol (Lemon Round),0.281,https://luckystore.com/images/products/INV-0458.jpg,placeholder
INV-0459,Detos Nacho Cheese Chips 30g,Julie's Cheese Crackers 600(±)20gm,0.137,https://luckystore.com/images/products/INV-0459.jpg,placeholder
INV-0460,Lifebouy Health Soap Total 150g,Egg Loose,0.000,https://luckystore.com/images/products/INV-0460.jpg,placeholder
INV-0461,Go & Handsome Skin Cream Men 50g,Polar Crunchy Ice Cream,0.240,https://luckystore.com/images/products/INV-0461.jpg,placeholder
INV-0462,Rin Power White 200g,Dano Power Full Cream Milk Powder 200gm,0.416,https://luckystore.com/images/products/INV-0462.jpg,placeholder
INV-0463,Motor Daal,Egg Loose,0.000,https://luckystore.com/images/products/INV-0463.jpg,placeholder
INV-0464,Fortune Mustard Oil 5L,Pran Mustard Oil 500ml,0.366,https://luckystore.com/images/products/INV-0464.jpg,placeholder
INV-0465,Safari,Egg Loose,0.000,https://luckystore.com/images/products/INV-0465.jpg,placeholder
INV-0466,Nutrilife Cranberry 1L,Egg Loose,0.000,https://luckystore.com/images/products/INV-0466.jpg,placeholder
INV-0467,Bashundhara Paper Napkin 100 sheets,Bashundhara Atta 2kg,0.413,https://luckystore.com/images/products/INV-0467.jpg,placeholder
INV-0468,Aril Chewing Gum Box 75pcs,Egg Loose,0.000,https://luckystore.com/images/products/INV-0468.jpg,placeholder
INV-0469,Kitkat 3 Finger,Dherosh (Lady Finger),0.340,https://luckystore.com/images/products/INV-0469.jpg,placeholder
INV-0470,Ginger - ada,Ginger (Ada) Imported,0.705,https://luckystore.com/images/products/INV-0470.jpg,placeholder
INV-0471,Dairy Milk 40gm,Cadbary Dairy Milk Chocolate 40gm,0.744,https://luckystore.com/images/products/INV-0471.jpg,placeholder
INV-0472,Rupchanda Soyabean Oil 1L,Rupchanda (Pomfret) Fresh Local Captured (8-10 Pcs/kg),0.335,https://luckystore.com/images/products/INV-0472.jpg,placeholder
INV-0473,Nido Family Choice 500g Pouch,Tang Powder Drink Mango 500g (BIB),0.314,https://luckystore.com/images/products/INV-0473.jpg,placeholder
INV-0474,Kitkat 1 Finger,Dherosh (Lady Finger),0.340,https://luckystore.com/images/products/INV-0474.jpg,placeholder
INV-0475,Taaqa Juice,Egg Loose,0.000,https://luckystore.com/images/products/INV-0475.jpg,placeholder
INV-0476,Nutrilife Mango Juice 160ML,Ruchi Mango Pickle 400gm,0.194,https://luckystore.com/images/products/INV-0476.jpg,placeholder
INV-0477,Nutrilife Orange Juice 160ML,Malta (Orange),0.284,https://luckystore.com/images/products/INV-0477.jpg,placeholder
INV-0478,Marks Powder 8gm,Pran Hot Tomato Sauce Sachet 8gm 10Pcs,0.333,https://luckystore.com/images/products/INV-0478.jpg,placeholder
INV-0479,Aril Assorted Lollipop,Tayas Orient Assorted Chocolate 250gm,0.314,https://luckystore.com/images/products/INV-0479.jpg,placeholder
INV-0480,Pampers Sensitive Fragrance Free Baby Wipes - 52 Pieces,Clariss Baby Corn 425gm (Can),0.210,https://luckystore.com/images/products/INV-0480.jpg,placeholder
INV-0481,Nescafe 3in1 14g sachet,Pran Hot Tomato Sauce Sachet 8gm 10Pcs,0.030,https://luckystore.com/images/products/INV-0481.jpg,placeholder
INV-0482,Maggi 496g (Masala Flavour),Shwapno Instant Masala Noodles 496gm,0.353,https://luckystore.com/images/products/INV-0482.jpg,placeholder
INV-0483,Lentils - Masur Daal,Egg Loose,0.000,https://luckystore.com/images/products/INV-0483.jpg,placeholder
INV-0484,Salt,Egg Loose,0.000,https://luckystore.com/images/products/INV-0484.jpg,placeholder
INV-0485,Vanilla 1kg,BPM Chola 1kg,0.475,https://luckystore.com/images/products/INV-0485.jpg,placeholder
INV-0486,Pond Oil Control 50g,Pran Mustard Oil 500ml,0.138,https://luckystore.com/images/products/INV-0486.jpg,placeholder
INV-0487,Go & Handsome Facewash Men 100g,Egg Loose,0.000,https://luckystore.com/images/products/INV-0487.jpg,placeholder
INV-0488,Samyang Extreme Hot Chicken Ramen Noodles Cup - 70g,Broiler Chicken Breast Boneless,0.251,https://luckystore.com/images/products/INV-0488.jpg,placeholder
INV-0489,Bashundhara Kitchen Towel,Bashundhara Atta 2kg,0.453,https://luckystore.com/images/products/INV-0489.jpg,placeholder
INV-0490,Meridian Chicken Chips,Roast Chicken,0.391,https://luckystore.com/images/products/INV-0490.jpg,placeholder
INV-0491,Transtec Backup 10w Pin,Egg Loose,0.000,https://luckystore.com/images/products/INV-0491.jpg,placeholder
INV-0492,Meridian Shrimp Chips,Roja Shrimp Tempura Crumbly Crumbly 224gm,0.237,https://luckystore.com/images/products/INV-0492.jpg,placeholder
INV-0493,Ponds White Beauty 100g,Shwapno White Pepper 100gm,0.496,https://luckystore.com/images/products/INV-0493.jpg,placeholder
INV-0494,Ponds Oil Control 100g,Red Cow Butter Oil 900(±)100gm,0.387,https://luckystore.com/images/products/INV-0494.jpg,placeholder
INV-0495,Radhuni Murgi Mangsho 20gm,Haiko Paprika 20gm,0.349,https://luckystore.com/images/products/INV-0495.jpg,placeholder
INV-0496,Domex 500ml,Saffola Honey 500ml,0.492,https://luckystore.com/images/products/INV-0496.jpg,placeholder
INV-0497,Eggs - Red (Loose),Tomato Red (Local),0.338,https://luckystore.com/images/products/INV-0497.jpg,placeholder
INV-0501,Radhuni BBQ Masala 50gm,Shan Haleem Masala 50gm,0.564,https://luckystore.com/images/products/INV-0501.jpg,placeholder
INV-0502,Radhuni Chicken Tandoori 50gm,Jhatpot Chicken Momo 300(±)50gm ATC Box,0.483,https://luckystore.com/images/products/INV-0502.jpg,placeholder
INV-0503,Marks Powder 15gm,Pran Kasundi 285(±)15gm,0.427,https://luckystore.com/images/products/INV-0503.jpg,placeholder
INV-0504,AMA 3 in 1 Coffee Mix 14gm,AMA Full Cream Milk Powder 1kg,0.194,https://luckystore.com/images/products/INV-0504.jpg,placeholder
INV-0505,Seylon Cha Pata 250gm,Tayas Orient Hazelnut 250gm,0.451,https://luckystore.com/images/products/INV-0505.jpg,placeholder
INV-0506,Lolly (lemon),Igloo Stick Lolly Lemon 65ml,0.450,https://luckystore.com/images/products/INV-0506.jpg,placeholder
INV-0507,Chocolate Cone,Igloo Cornelli Belgian Chocolate Cone 100ml,0.386,https://luckystore.com/images/products/INV-0507.jpg,placeholder
INV-0508,Lolly (orange),Malta (Orange),0.473,https://luckystore.com/images/products/INV-0508.jpg,placeholder
INV-0509,Macho,Igloo Premium Macho 82ml,0.312,https://luckystore.com/images/products/INV-0509.jpg,placeholder
INV-0510,French Vanilla 1L,Polar Vanilla Ice Cream 1Ltr.,0.447,https://luckystore.com/images/products/INV-0510.jpg,placeholder
INV-0511,Nescafe Creamy Latte 18g Sachet,Hersheys Kisses Creamy Milk Chocolate 36gm Malaysia,0.110,https://luckystore.com/images/products/INV-0511.jpg,placeholder
INV-0512,Nestea Ice Tea 18g,Polar Rocks Ice Cream,0.265,https://luckystore.com/images/products/INV-0512.jpg,placeholder
INV-0513,Radhuni Panch Phoron 50gm,Shwapno White Pepper 50gm,0.420,https://luckystore.com/images/products/INV-0513.jpg,placeholder
INV-0514,Dove Cream Bar 90g,Polar Choco Bar,0.282,https://luckystore.com/images/products/INV-0514.jpg,placeholder
INV-0515,Dove Cream Pink Bar 90g,Polar Choco Bar,0.244,https://luckystore.com/images/products/INV-0515.jpg,placeholder
INV-0516,Crunchybar,Egg Loose,0.000,https://luckystore.com/images/products/INV-0516.jpg,placeholder
INV-0517,Ponds Daily 50g,IKO High Fibre Daily 700gm (Tin),0.115,https://luckystore.com/images/products/INV-0517.jpg,placeholder
INV-0518,Jirashail 25KG (Nobanno),Egg Loose,0.000,https://luckystore.com/images/products/INV-0518.jpg,placeholder
INV-0519,Radhuni Roast Masala 35gm,Nut Walker Cashew Nuts Roasted Salted 35gm,0.446,https://luckystore.com/images/products/INV-0519.jpg,placeholder
INV-0520,Fortune Mustard Oil 1L,Radhuni Mustard Oil 1Ltr.,0.651,https://luckystore.com/images/products/INV-0520.jpg,placeholder
INV-0521,Rupchanda Chinigura Rice 1KG,Shwapno Rice Flour 1kg,0.480,https://luckystore.com/images/products/INV-0521.jpg,placeholder
INV-0522,Rin Powder Power Bright 1kg,Dano Power Full Cream Milk Powder 1kg (BIB),0.497,https://luckystore.com/images/products/INV-0522.jpg,placeholder
INV-0523,Radhuni Gorom Masala 40gm,Radhuni Tehari Masala 40gm,0.704,https://luckystore.com/images/products/INV-0523.jpg,placeholder
INV-0524,Firni (cup),Polar Vanilla Cup Ice Cream,0.264,https://luckystore.com/images/products/INV-0524.jpg,placeholder
INV-0525,Sneakers,Egg Loose,0.000,https://luckystore.com/images/products/INV-0525.jpg,placeholder
INV-0526,Lifebouy Liquid Care 170ml,Egg Loose,0.000,https://luckystore.com/images/products/INV-0526.jpg,placeholder
INV-0527,Nazirshail 25KG (Rahman),Egg Loose,0.000,https://luckystore.com/images/products/INV-0527.jpg,placeholder
INV-0528,Dairy Milk 10RS,Cadbary Dairy Milk Chocolate 40gm,0.390,https://luckystore.com/images/products/INV-0528.jpg,placeholder
INV-0529,AMA Classic Coffee 1gm,Nestle KitKat Chocolate 18(±)1gm,0.372,https://luckystore.com/images/products/INV-0529.jpg,placeholder
INV-0530,Nido 3+ 350g BiB,Mothers Horlicks 350gm (BIB),0.434,https://luckystore.com/images/products/INV-0530.jpg,placeholder
INV-0531,Cerelac Stage V Multifruit 350g,Horlicks Junior Stage-1 500gm (Jar),0.103,https://luckystore.com/images/products/INV-0531.jpg,placeholder
INV-0532,Cerelac Stage II Apply Cherry 350g,Horlicks Junior Stage-1 500gm (Jar),0.081,https://luckystore.com/images/products/INV-0532.jpg,placeholder
INV-0533,Cerelac Stage II Chicken Scoop 350g,Roast Chicken,0.310,https://luckystore.com/images/products/INV-0533.jpg,placeholder
INV-0534,Katari Atob 25KG (Rahman),ACI Pure Fortified Katari Rice 5kg,0.080,https://luckystore.com/images/products/INV-0534.jpg,placeholder
INV-0535,Rupchanda Soyabean Oil 2L,Rupchanda (Pomfret) Fresh Local Captured (8-10 Pcs/kg),0.322,https://luckystore.com/images/products/INV-0535.jpg,placeholder
INV-0536,Rupchanda Soyabean Oil 5L,Rupchanda (Pomfret) Fresh Local Captured (8-10 Pcs/kg),0.322,https://luckystore.com/images/products/INV-0536.jpg,placeholder
INV-0537,Nazirshail 25KG (Rahman),Egg Loose,0.000,https://luckystore.com/images/products/INV-0537.jpg,placeholder
INV-0538,Fortune Rice Bran Oil 5L,KENT Boringer Pomace Olive Oil 5Ltr.,0.416,https://luckystore.com/images/products/INV-0538.jpg,placeholder
INV-0539,Katari Atob (Rahman) Loose,ACI Pure Fortified Katari Rice 5kg,0.190,https://luckystore.com/images/products/INV-0539.jpg,placeholder
